Country,1980,1981,1982,1983,1984,1985,1986,1987,1988,1989,1990,1991,1992,1993,1994,1995,1996,1997,1998,1999,2000,2001,2002,2003,2004,2005,2006,2007,2008,Continent
Afghanistan,21.48678,21.46552,21.45145,21.43822,21.42734,21.41222,21.401320000000002,21.37679,21.34018,21.29845,21.248179999999998,21.20269,21.14238,21.063760000000002,20.979870000000002,20.91132,20.85155,20.81307,20.78591,20.75469,20.69521,20.62643,20.59848,20.58706,20.57759,20.58084,20.58749,20.60246,20.62058,Asia
Albania,25.22533,25.239810000000002,25.25636,25.27176,25.27901,25.28669,25.29451,25.30217,25.3045,25.31944,25.32357,25.28452,25.23077,25.211920000000003,25.22115,25.25874,25.31097,25.339879999999997,25.39116,25.46555,25.55835,25.66701,25.77167,25.87274,25.981360000000002,26.089389999999998,26.20867,26.32753,26.44657,Europe
Algeria,22.25703,22.34745,22.43647,22.52105,22.60633,22.69501,22.76979,22.84096,22.90644,22.97931,23.046,23.113329999999998,23.18776,23.25764,23.32273,23.39526,23.46811,23.5416,23.615920000000003,23.694860000000002,23.77659,23.862560000000002,23.952939999999998,24.052429999999998,24.159570000000002,24.27001,24.3827,24.48846,24.5962,Africa
Andorra,25.666520000000002,25.708679999999998,25.74681,25.7825,25.81874,25.85236,25.89089,25.93414,25.98477,26.0445,26.109360000000002,26.17912,26.240170000000003,26.303559999999997,26.367929999999998,26.43569,26.507690000000004,26.58255,26.66337,26.75078,26.83179,26.92373,27.02525,27.124809999999997,27.231070000000003,27.32827,27.435879999999997,27.53363,27.63048,Europe
Angola,20.94876,20.94371,20.93754,20.93187,20.93569,20.94857,20.9603,20.98025,21.01375,21.05269,21.09007,21.12136,21.14987,21.13938,21.14186,21.160220000000002,21.19076,21.226210000000002,21.27082,21.31954,21.3748,21.43664,21.51765,21.599239999999998,21.69218,21.80564,21.93881,22.08962,22.25083,Africa
Antigua and Barbuda,23.314239999999998,23.390539999999998,23.45883,23.53735,23.635839999999998,23.73109,23.83449,23.93649,24.053639999999998,24.16347,24.26782,24.365679999999998,24.45644,24.540960000000002,24.60945,24.66461,24.72544,24.78714,24.84936,24.91721,24.99158,25.05857,25.13039,25.20713,25.29898,25.39965,25.513820000000003,25.64247,25.76602,North America
Argentina,25.37913,25.44951,25.50242,25.55644,25.61271,25.66593,25.72364,25.78529,25.844279999999998,25.8851,25.92482,25.991770000000002,26.076420000000002,26.17288,26.27872,26.375220000000002,26.47182,26.577779999999997,26.687140000000003,26.79005,26.88103,26.96067,26.998820000000002,27.04738,27.11001,27.18941,27.28179,27.388890000000004,27.5017,South America
Armenia,23.82469,23.86401,23.91023,23.95649,24.00181,24.04083,24.08736,24.13334,24.17219,24.19556,24.20618,24.1979,24.129820000000002,24.05854,24.02297,24.0157,24.02627,24.03885,24.070999999999998,24.116989999999998,24.18045,24.2667,24.37698,24.503320000000002,24.641779999999997,24.81447,24.9916,25.1759,25.355420000000002,Asia
Australia,24.92729,25.00216,25.0766,25.149379999999997,25.228939999999998,25.31849,25.41017,25.50528,25.60001,25.7005,25.80568,25.90295,26.00624,26.10586,26.200770000000002,26.292409999999997,26.382559999999998,26.473509999999997,26.56314,26.65506,26.74486,26.843970000000002,26.938579999999998,27.038009999999996,27.138709999999996,27.246140000000004,27.35267,27.458779999999997,27.56373,Oceania
Austria,24.840970000000002,24.8811,24.934820000000002,24.98118,25.02208,25.06015,25.1068,25.147470000000002,25.19333,25.24928,25.30882,25.37186,25.43668,25.50507,25.56626,25.61814,25.6641,25.717370000000003,25.75996,25.817729999999997,25.87471,25.93806,25.995829999999998,26.06356,26.1436,26.21107,26.293740000000003,26.381359999999997,26.467409999999997,Europe
Azerbaijan,24.49375,24.52584,24.56064,24.6015,24.64121,24.67566,24.71906,24.75799,24.78894,24.822770000000002,24.831670000000003,24.83972,24.81781,24.7625,24.691129999999998,24.61946,24.55527,24.49745,24.47179,24.47842,24.51287,24.572020000000002,24.66021,24.771639999999998,24.89376,25.06256,25.25706,25.45513,25.65117,Asia
Bahamas,24.210639999999998,24.308139999999998,24.4275,24.54415,24.66558,24.78408,24.907239999999998,25.031660000000002,25.147779999999997,25.26173,25.35641,25.44039,25.51294,25.584789999999998,25.65514,25.72418,25.79938,25.89374,25.99417,26.1208,26.257479999999997,26.38653,26.511840000000003,26.626070000000002,26.756120000000003,26.885170000000002,27.00715,27.12653,27.24594,North America
Bahrain,23.97588,24.09045,24.20617,24.32335,24.431739999999998,24.536839999999998,24.63328,24.74914,24.866039999999998,24.986439999999998,25.11479,25.25103,25.40173,25.56146,25.71611,25.87566,26.03138,26.186,26.342940000000002,26.50245,26.654090000000004,26.80388,26.94923,27.092979999999997,27.239079999999998,27.38693,27.53868,27.68865,27.83721,Asia
Bangladesh,20.51918,20.47766,20.43741,20.40075,20.36524,20.329829999999998,20.29654,20.26401,20.23497,20.20736,20.18246,20.15921,20.14118,20.12952,20.11823,20.1077,20.10489,20.113039999999998,20.12622,20.13361,20.14774,20.168020000000002,20.18621,20.20948,20.23957,20.27648,20.31554,20.35493,20.39742,Asia
Barbados,24.36372,24.43455,24.49314,24.54713,24.59913,24.64998,24.71728,24.77976,24.84265,24.9079,24.961129999999997,25.008589999999998,25.05249,25.09414,25.14401,25.20411,25.2685,25.35236,25.42067,25.51681,25.60292,25.6891,25.77615,25.8702,25.9566,26.06074,26.16874,26.27575,26.384390000000003,North America
Belarus,24.90898,24.909860000000002,24.91623,24.91568,24.9164,24.92013,24.93057,24.94083,24.966379999999997,24.99085,25.01652,25.05106,25.07413,25.09742,25.10406,25.10237,25.11362,25.14026,25.17221,25.206879999999998,25.254720000000002,25.321479999999998,25.4016,25.48133,25.58449,25.70824,25.8582,26.0111,26.16443,Europe
Belgium,25.09879,25.12474,25.16059,25.18982,25.21949,25.252660000000002,25.285320000000002,25.32356,25.37574,25.429389999999998,25.490289999999998,25.559179999999998,25.64048,25.7062,25.77927,25.84461,25.914820000000002,25.985770000000002,26.05275,26.1224,26.18388,26.24196,26.30602,26.37453,26.446609999999996,26.51575,26.59522,26.675290000000004,26.75915,Europe
Belize,24.54345,24.634179999999997,24.718529999999998,24.764960000000002,24.81656,24.85631,24.902160000000002,24.959970000000002,25.01621,25.08335,25.16254,25.23639,25.34573,25.45261,25.543870000000002,25.64134,25.72576,25.80637,25.88939,25.97705,26.08213,26.19233,26.30847,26.4392,26.56389,26.68025,26.80065,26.90962,27.02255,North America
Benin,20.80754,20.83999,20.88208,20.90821,20.960539999999998,21.007260000000002,21.051370000000002,21.07871,21.12584,21.16916,21.20891,21.25774,21.30311,21.352520000000002,21.402260000000002,21.45576,21.5205,21.58523,21.64874,21.717470000000002,21.7971,21.87272,21.95309,22.0276,22.1039,22.179289999999998,22.253220000000002,22.333660000000002,22.41835,Africa
Bermuda,25.07881,25.19625,25.311629999999997,25.4399,25.56404,25.69903,25.82431,25.94406,26.06962,26.193070000000002,26.30429,26.40672,26.530109999999997,26.65258,26.75763,26.88993,27.01108,27.12503,27.24352,27.344559999999998,27.454759999999997,27.558259999999997,27.664920000000002,27.769990000000004,27.870820000000002,27.98684,28.12057,28.267529999999997,28.418940000000003,North America
Bhutan,21.81929,21.80187,21.78799,21.77328,21.7664,21.75421,21.74839,21.75695,21.766460000000002,21.781,21.7981,21.81922,21.84349,21.870720000000002,21.90149,21.93914,21.98528,22.0365,22.09205,22.14998,22.21076,22.26991,22.33607,22.40769,22.481939999999998,22.55711,22.633000000000003,22.72221,22.8218,Asia
Bolivia,23.00319,23.04351,23.07385,23.08641,23.1075,23.13397,23.16541,23.206570000000003,23.25603,23.30494,23.35095,23.39988,23.45185,23.502660000000002,23.5581,23.61766,23.68542,23.7552,23.81981,23.88573,23.95185,24.01547,24.08033,24.14039,24.200670000000002,24.262620000000002,24.31851,24.37227,24.43335,South America
Bosnia and Herzegovina,25.32025,25.33178,25.35258,25.37304,25.39811,25.42164,25.44097,25.4444,25.43763,25.41851,25.39629,25.34749,25.26577,25.17015,25.09667,25.07033,25.123279999999998,25.22345,25.33549,25.44956,25.57757,25.71444,25.8431,25.97224,26.119310000000002,26.250220000000002,26.372290000000003,26.49206,26.611629999999998,Europe
Botswana,19.54182,19.5797,19.623620000000003,19.66629,19.7227,19.77501,19.82815,19.89551,19.98147,20.078960000000002,20.18715,20.30422,20.41434,20.508229999999998,20.589389999999998,20.66838,20.74696,20.82805,20.90699,20.99408,21.09464,21.1985,21.31605,21.43809,21.56543,21.69989,21.83982,21.986060000000002,22.129839999999998,Africa
Brazil,22.63867,22.72772,22.81802,22.898039999999998,22.9789,23.07389,23.17442,23.27956,23.384520000000002,23.49948,23.602420000000002,23.71304,23.826060000000002,23.92823,24.035239999999998,24.14789,24.25992,24.37651,24.4885,24.60608,24.73196,24.84949,24.97064,25.09147,25.2199,25.34959,25.48902,25.63555,25.78623,South America
British Virgin Islands,23.74249,23.798029999999997,23.85294,23.91227,23.97016,24.023789999999998,24.07072,24.13198,24.20123,24.269370000000002,24.36658,24.49622,24.65423,24.8368,25.04243,25.26959,25.488979999999998,25.701320000000003,25.898120000000002,26.082060000000002,26.26016,26.41788,26.56046,26.66719,26.78915,26.911790000000003,27.03094,27.165779999999998,27.31079,North America
Brunei,23.23982,23.27246,23.30495,23.3387,23.37014,23.39392,23.40646,23.41929,23.44076,23.4571,23.48593,23.50616,23.52962,23.555889999999998,23.61052,23.64776,23.69483,23.75058,23.810589999999998,23.8489,23.87813,23.90486,23.934060000000002,23.9798,24.02261,24.06445,24.098689999999998,24.13907,24.18179,Asia
Bulgaria,25.28913,25.34139,25.39515,25.44814,25.5058,25.55694,25.61303,25.668210000000002,25.72108,25.77352,25.79169,25.78741,25.7869,25.78218,25.77516,25.78474,25.77704,25.76761,25.77903,25.803079999999998,25.842579999999998,25.89594,25.956570000000003,26.03088,26.11251,26.20561,26.308690000000002,26.42397,26.542859999999997,Europe
Burkina Faso,20.03144,20.06225,20.09198,20.11975,20.14327,20.179570000000002,20.223329999999997,20.25441,20.29278,20.3198,20.34378,20.372120000000002,20.403,20.43103,20.46465,20.49193,20.52809,20.56636,20.60729,20.660529999999998,20.70895,20.75999,20.81927,20.88506,20.953570000000003,21.02654,21.105610000000002,21.18575,21.27157,Africa
Burundi,21.088720000000002,21.11359,21.12784,21.13206,21.12775,21.14807,21.17456,21.19978,21.23035,21.245260000000002,21.27423,21.306179999999998,21.33931,21.35314,21.35172,21.34265,21.332279999999997,21.3182,21.30669,21.30712,21.29665,21.30016,21.31762,21.33669,21.361720000000002,21.388379999999998,21.42011,21.45897,21.50291,Africa
Cambodia,19.69966,19.70779,19.7174,19.731939999999998,19.748520000000003,19.77075,19.7942,19.81391,19.83981,19.86195,19.881339999999998,19.90519,19.9375,19.96919,20.003770000000003,20.039270000000002,20.08239,20.12625,20.163510000000002,20.210729999999998,20.25863,20.31227,20.36407,20.42144,20.48485,20.558310000000002,20.63655,20.720570000000002,20.80496,Asia
Cameroon,21.78602,21.862289999999998,21.94666,22.03968,22.118479999999998,22.21209,22.303079999999998,22.35705,22.394029999999997,22.42781,22.4571,22.48289,22.50597,22.53125,22.56063,22.595470000000002,22.63932,22.69765,22.76663,22.8312,22.90632,22.98135,23.07282,23.169179999999997,23.27218,23.375020000000003,23.474439999999998,23.575210000000002,23.681729999999998,Africa
Canada,25.24074,25.33069,25.4102,25.48895,25.57519,25.66346,25.75539,25.85306,25.94492,26.04039,26.1324,26.22243,26.31568,26.406509999999997,26.49979,26.58874,26.67114,26.753459999999997,26.836309999999997,26.916459999999997,26.99336,27.062340000000003,27.125420000000002,27.18538,27.24205,27.295809999999996,27.350179999999998,27.404159999999997,27.4521,North America
Cape Verde,20.65607,20.71493,20.77269,20.84066,20.917379999999998,20.99708,21.07982,21.19,21.30276,21.39508,21.485870000000002,21.57392,21.662020000000002,21.74446,21.83323,21.9515,22.0401,22.134220000000003,22.24215,22.35591,22.47423,22.592670000000002,22.71017,22.83106,22.95363,23.07864,23.22111,23.36939,23.515220000000003,Africa
Central African Rep.,20.958579999999998,20.96244,20.96119,20.942520000000002,20.92022,20.89449,20.87539,20.85032,20.832620000000002,20.82311,20.81775,20.81553,20.80177,20.78856,20.78073,20.78063,20.775389999999998,20.7839,20.796229999999998,20.81486,20.837020000000003,20.861,20.8806,20.88965,20.904529999999998,20.92015,20.940579999999997,20.96435,20.99095,Africa
Chad,20.22551,20.2271,20.2314,20.25014,20.27327,20.31534,20.34928,20.377570000000002,20.41912,20.46667,20.50477,20.54673,20.5876,20.61301,20.6328,20.66849,20.70319,20.74174,20.78687,20.831889999999998,20.86887,20.91294,20.96196,21.02777,21.12698,21.22857,21.32338,21.40464,21.485689999999998,Africa
Chile,24.483620000000002,24.56329,24.624779999999998,24.67812,24.73825,24.79547,24.8453,24.89825,24.96211,25.04196,25.12311,25.21,25.32067,25.43773,25.55295,25.663439999999998,25.77917,25.88624,25.98953,26.081879999999998,26.177410000000002,26.268240000000002,26.36532,26.46749,26.57109,26.67952,26.79366,26.90237,27.015420000000002,South America
China,21.5784,21.583560000000002,21.5955,21.614079999999998,21.643629999999998,21.67833,21.71745,21.7639,21.81317,21.857310000000002,21.90382,21.951929999999997,22.00604,22.0732,22.1511,22.238970000000002,22.313670000000002,22.386999999999997,22.44676,22.49909,22.54068,22.57822,22.61654,22.656370000000003,22.69719,22.74628,22.800420000000003,22.86161,22.92176,Asia
Colombia,22.07035,22.1769,22.26799,22.36244,22.451810000000002,22.54068,22.63499,22.73777,22.84228,22.9499,23.057010000000002,23.16434,23.27852,23.396279999999997,23.51334,23.6395,23.75218,23.862029999999997,23.959789999999998,24.05208,24.14347,24.23406,24.32036,24.408179999999998,24.4994,24.596339999999998,24.70577,24.82307,24.94041,South America
Comoros,20.98163,21.0066,21.04036,21.07561,21.10763,21.142960000000002,21.18685,21.2455,21.303620000000002,21.36185,21.41916,21.47534,21.52733,21.57169,21.60407,21.63794,21.663729999999997,21.685270000000003,21.70443,21.72285,21.740879999999997,21.762729999999998,21.79129,21.826610000000002,21.8694,21.91364,21.9634,22.011979999999998,22.06131,Africa
"Congo, Dem. Rep.",20.74786,20.735870000000002,20.72111,20.70907,20.701420000000002,20.69308,20.68853,20.68344,20.6799,20.673000000000002,20.66681,20.6504,20.61508,20.5555,20.48951,20.40021,20.31166,20.22254,20.14174,20.05896,19.97498,19.89845,19.83696,19.807170000000003,19.789270000000002,19.78781,19.8018,19.8291,19.86692,Africa
"Congo, Rep.",20.63666,20.69499,20.765710000000002,20.83255,20.90094,20.96044,21.00631,21.05228,21.09124,21.12095,21.14711,21.16591,21.186629999999997,21.20412,21.21799,21.23934,21.27222,21.30124,21.33138,21.351589999999998,21.38374,21.42314,21.47048,21.519000000000002,21.574370000000002,21.64382,21.72486,21.795189999999998,21.87134,Africa
Cook Islands,26.2025,26.430640000000004,26.67362,26.908540000000002,27.15532,27.40135,27.63931,27.86856,28.094690000000003,28.31247,28.526059999999998,28.743479999999998,28.9611,29.18297,29.403259999999996,29.61475,29.8242,30.02693,30.23299,30.447190000000003,30.68088,30.92207,31.16078,31.414509999999996,31.669179999999997,31.92132,32.1719,32.4235,32.6744,Oceania
Costa Rica,23.6937,23.76567,23.82701,23.88394,23.947,24.0221,24.09956,24.18361,24.26875,24.370639999999998,24.48617,24.604229999999998,24.734460000000002,24.84882,24.95523,25.0535,25.14893,25.24253,25.339129999999997,25.45658,25.56878,25.679000000000002,25.78377,25.88441,25.989279999999997,26.10699,26.230959999999996,26.3565,26.47897,North America
Cote d'Ivoire,21.12741,21.18081,21.22675,21.27402,21.310129999999997,21.34647,21.39242,21.43551,21.47739,21.52854,21.56519,21.60217,21.64058,21.67979,21.709429999999998,21.75006,21.80476,21.857979999999998,21.917460000000002,21.9759,22.03598,22.09198,22.15328,22.21676,22.28061,22.34639,22.41761,22.488889999999998,22.56469,Africa
Croatia,25.28752,25.3169,25.34765,25.376720000000002,25.410729999999997,25.44008,25.470110000000002,25.50221,25.53267,25.56232,25.58771,25.58618,25.57456,25.55173,25.551070000000003,25.57994,25.61993,25.66831,25.722170000000002,25.78556,25.85519,25.93817,26.03011,26.129820000000002,26.21837,26.309890000000003,26.395970000000002,26.498959999999997,26.596290000000003,Europe
Cuba,22.73085,22.80724,22.89338,22.98056,23.07165,23.16927,23.26024,23.34879,23.433989999999998,23.51321,23.58502,23.63893,23.67952,23.687520000000003,23.70158,23.71862,23.7573,23.80301,23.8616,23.94593,24.05065,24.16575,24.26055,24.39186,24.528579999999998,24.65646,24.793020000000002,24.93192,25.06867,North America
Cyprus,25.33529,25.37046,25.42285,25.4805,25.543870000000002,25.60054,25.66655,25.7255,25.77662,25.8437,25.92588,25.99995,26.09039,26.182660000000002,26.257720000000003,26.3608,26.437759999999997,26.52202,26.609209999999997,26.69027,26.77099,26.84331,26.9245,26.99325,27.07204,27.15274,27.24326,27.32855,27.41899,Asia
Czech Rep.,26.30589,26.35295,26.405440000000002,26.453390000000002,26.499579999999998,26.54167,26.57995,26.62097,26.667959999999997,26.718390000000003,26.77285,26.806359999999998,26.849690000000002,26.89619,26.93426,26.983140000000002,27.043429999999997,27.101,27.16112,27.22247,27.282159999999998,27.34798,27.41303,27.48463,27.56048,27.630670000000002,27.73361,27.814009999999996,27.905240000000003,Europe
Denmark,24.5632,24.56873,24.57527,24.58004,24.58269,24.59358,24.6112,24.62859,24.655829999999998,24.68136,24.7104,24.74973,24.80236,24.851760000000002,24.90462,24.96431,25.02533,25.099520000000002,25.17054,25.247239999999998,25.33594,25.42577,25.52596,25.62415,25.72962,25.82771,25.92875,26.03329,26.13287,Europe
Djibouti,21.23864,21.31928,21.40683,21.489179999999998,21.5751,21.658,21.74279,21.821270000000002,21.89558,21.96332,22.03327,22.08923,22.1475,22.21,22.267020000000002,22.33623,22.39746,22.45329,22.50722,22.56731,22.63424,22.70345,22.77671,22.855829999999997,22.94165,23.04275,23.15419,23.26892,23.38403,Africa
Dominica,22.319000000000003,22.388720000000003,22.46119,22.51509,22.57613,22.63925,22.71689,22.82212,22.950879999999998,23.067970000000003,23.170379999999998,23.271710000000002,23.37355,23.46711,23.53829,23.613039999999998,23.701710000000002,23.79924,23.88361,23.96444,24.052670000000003,24.123739999999998,24.18375,24.24105,24.306420000000003,24.37049,24.43348,24.50453,24.5727,North America
Dominican Rep.,22.92812,22.97861,23.025660000000002,23.07558,23.12295,23.16528,23.216720000000002,23.27431,23.32603,23.38897,23.44034,23.48433,23.53831,23.60267,23.67182,23.73003,23.796310000000002,23.874570000000002,23.96611,24.05981,24.152639999999998,24.26207,24.384539999999998,24.51173,24.634079999999997,24.76461,24.90856,25.05235,25.196679999999997,North America
Ecuador,23.79064,23.85029,23.90204,23.94343,23.98012,24.02461,24.06992,24.1085,24.1838,24.25491,24.31515,24.37246,24.44259,24.508670000000002,24.588420000000003,24.652810000000002,24.716639999999998,24.79187,24.84832,24.91341,24.96302,25.0223,25.0947,25.16315,25.24706,25.332639999999998,25.41453,25.49568,25.58841,South America
Egypt,24.25654,24.34966,24.44688,24.54141,24.63365,24.72495,24.81456,24.9007,24.98559,25.06945,25.1531,25.23388,25.318260000000002,25.40298,25.48856,25.579439999999998,25.67577,25.76764,25.86074,25.95852,26.05777,26.15256,26.240820000000003,26.32384,26.40268,26.48005,26.560540000000003,26.64671,26.732429999999997,Africa
El Salvador,23.77156,23.834220000000002,23.8904,23.94184,23.99645,24.05124,24.10831,24.16901,24.23836,24.310589999999998,24.38845,24.47169,24.56273,24.65915,24.759420000000002,24.8631,24.9637,25.07297,25.18381,25.30405,25.43048,25.5534,25.67399,25.7896,25.8971,26.00695,26.12564,26.24783,26.36751,North America
Equatorial Guinea,21.0889,21.10687,21.120079999999998,21.13055,21.156670000000002,21.164720000000003,21.170189999999998,21.18436,21.19979,21.21889,21.24399,21.26717,21.2967,21.332079999999998,21.35662,21.4069,21.47658,21.61891,21.772270000000002,21.96034,22.148229999999998,22.37332,22.59892,22.81279,23.04308,23.25296,23.430770000000003,23.60238,23.7664,Africa
Eritrea,20.01453,20.04318,20.068189999999998,20.09359,20.11151,20.12814,20.14323,20.15587,20.17161,20.18797,20.20741,20.23979,20.28294,20.32333,20.388270000000002,20.45346,20.52008,20.58793,20.65244,20.706020000000002,20.73423,20.76801,20.79514,20.815379999999998,20.83535,20.85448,20.860870000000002,20.869229999999998,20.885089999999998,Africa
Estonia,24.68737,24.69421,24.70221,24.70975,24.71732,24.720670000000002,24.73069,24.74468,24.755879999999998,24.77373,24.79018,24.799,24.795270000000002,24.79123,24.79648,24.82701,24.880010000000002,24.94357,25.02112,25.12637,25.22421,25.337139999999998,25.45733,25.58138,25.71923,25.85257,25.98743,26.131439999999998,26.264459999999996,Europe
Ethiopia,19.47815,19.50485,19.52747,19.55625,19.57007,19.57426,19.58084,19.58116,19.5922,19.598110000000002,19.61111,19.61798,19.63097,19.64647,19.66306,19.68413,19.71305,19.7424,19.76632,19.79587,19.827679999999997,19.863570000000003,19.89855,19.92608,19.96905,20.02382,20.08834,20.16319,20.247,Africa
Fiji,22.28238,22.43676,22.57832,22.71827,22.86411,23.01144,23.15024,23.275660000000002,23.40989,23.53817,23.68988,23.83829,23.9823,24.138289999999998,24.28999,24.44879,24.61446,24.77189,24.93184,25.08671,25.238789999999998,25.39149,25.5515,25.71604,25.884629999999998,26.050420000000003,26.220809999999997,26.374740000000003,26.53078,Oceania
Finland,25.46078,25.4801,25.50321,25.52352,25.54429,25.56019,25.58275,25.611710000000002,25.64807,25.69802,25.7386,25.77032,25.800320000000003,25.82563,25.853089999999998,25.878770000000003,25.90909,25.946360000000002,25.989929999999998,26.03724,26.09098,26.15458,26.223359999999996,26.29856,26.379820000000002,26.464059999999996,26.550159999999998,26.64191,26.733390000000004,Europe
France,24.70702,24.735139999999998,24.761770000000002,24.78531,24.807479999999998,24.82895,24.85285,24.87929,24.90935,24.94199,24.97491,25.01122,25.05716,25.09455,25.13114,25.17051,25.20739,25.24361,25.28337,25.325870000000002,25.37416,25.42911,25.49014,25.54863,25.60759,25.66854,25.72756,25.790570000000002,25.853289999999998,Europe
French Polynesia,25.41759,25.60073,25.7889,25.97905,26.173560000000002,26.37292,26.582240000000002,26.793779999999998,27.010859999999997,27.21275,27.41426,27.626140000000003,27.84075,28.04665,28.241909999999997,28.44179,28.62167,28.8028,28.98991,29.181929999999998,29.37214,29.560109999999998,29.74904,29.937829999999998,30.123720000000002,30.3085,30.49157,30.67857,30.867520000000003,Oceania
Gabon,22.272170000000003,22.32139,22.37964,22.443929999999998,22.520770000000002,22.58744,22.64612,22.68952,22.74415,22.80386,22.85174,22.91242,22.97127,23.032610000000002,23.09335,23.15467,23.2281,23.305889999999998,23.38905,23.45478,23.5154,23.5732,23.62414,23.68267,23.745279999999998,23.8153,23.89335,23.98256,24.0762,Africa
Gambia,19.94139,19.970589999999998,20.001070000000002,20.03257,20.0646,20.08321,20.113529999999997,20.15348,20.19417,20.242739999999998,20.29888,20.35389,20.41435,20.48088,20.5363,20.585929999999998,20.63716,20.695829999999997,20.76738,20.84354,20.91996,21.00113,21.07306,21.1578,21.2523,21.34863,21.44274,21.543020000000002,21.65029,Africa
Georgia,24.617620000000002,24.66646,24.71051,24.76342,24.8093,24.85546,24.894560000000002,24.9333,24.97082,25.00293,25.02149,25.003770000000003,24.92825,24.82921,24.73249,24.65405,24.61017,24.59323,24.60131,24.61786,24.6554,24.71795,24.798370000000002,24.907610000000002,25.0226,25.15806,25.277079999999998,25.41457,25.54942,Asia
Germany,25.46227,25.50636,25.55565,25.59814,25.64293,25.69249,25.74425,25.79212,25.85154,25.91132,25.97675,26.05322,26.14012,26.208389999999998,26.27577,26.34132,26.4141,26.485390000000002,26.55047,26.61048,26.67425,26.72962,26.786179999999998,26.845809999999997,26.90287,26.96115,27.02184,27.0905,27.165090000000003,Europe
Ghana,21.01212,21.01867,21.01856,21.01256,21.045289999999998,21.07916,21.12201,21.16956,21.220879999999998,21.273979999999998,21.30206,21.36352,21.424020000000002,21.49269,21.56186,21.64113,21.73307,21.821089999999998,21.90907,21.99521,22.08191,22.16325,22.2469,22.32978,22.416439999999998,22.51645,22.6204,22.73069,22.842470000000002,Africa
Greece,24.80837,24.85004,24.88029,24.91068,24.94193,24.97295,24.99539,25.01424,25.06154,25.10876,25.14763,25.189220000000002,25.24259,25.28895,25.34534,25.384829999999997,25.430989999999998,25.484939999999998,25.53608,25.60453,25.66926,25.74295,25.820120000000003,25.900660000000002,25.993560000000002,26.07865,26.164939999999998,26.25289,26.33786,Europe
Greenland,24.46978,24.52714,24.572979999999998,24.62106,24.66469,24.69663,24.74168,24.781470000000002,24.83124,24.8881,24.93611,24.98535,25.02616,25.06717,25.11891,25.18005,25.23576,25.30131,25.3639,25.42475,25.49719,25.563860000000002,25.63414,25.70048,25.76241,25.83021,25.88646,25.94868,26.01359,North America
Grenada,23.27113,23.314629999999998,23.361829999999998,23.402479999999997,23.44967,23.50168,23.55609,23.622510000000002,23.68593,23.74835,23.81588,23.880110000000002,23.933670000000003,23.987920000000003,24.05428,24.11636,24.18421,24.24889,24.325,24.40094,24.480220000000003,24.55684,24.64323,24.73372,24.81219,24.906760000000002,24.987389999999998,25.08222,25.179879999999997,North America
Guatemala,23.18719,23.264979999999998,23.33675,23.399639999999998,23.46354,23.527260000000002,23.58663,23.645970000000002,23.7056,23.77519,23.84902,23.9222,23.993489999999998,24.06859,24.14395,24.2273,24.30849,24.39249,24.477970000000003,24.56244,24.64744,24.72662,24.80671,24.8839,24.960910000000002,25.04007,25.12426,25.209870000000002,25.29947,North America
Guinea,21.14949,21.1717,21.19272,21.2101,21.22866,21.24527,21.264689999999998,21.28652,21.30961,21.34284,21.38083,21.42148,21.47,21.52042,21.56541,21.61652,21.6695,21.722170000000002,21.781489999999998,21.84375,21.90431,21.96945,22.03964,22.11533,22.19452,22.27405,22.355620000000002,22.43725,22.52449,Africa
Guinea-Bissau,20.71293,20.72467,20.747429999999998,20.76258,20.78623,20.83811,20.89059,20.93714,20.98369,21.0406,21.0945,21.14396,21.17416,21.19819,21.238770000000002,21.28187,21.330479999999998,21.384610000000002,21.38489,21.39546,21.43209,21.4434,21.454720000000002,21.47358,21.4923,21.51679,21.54966,21.591089999999998,21.64338,Africa
Guyana,22.71432,22.73525,22.741629999999997,22.74203,22.73863,22.73909,22.743479999999998,22.75543,22.76465,22.76998,22.76845,22.77741,22.80459,22.84753,22.90881,22.97709,23.05076,23.12913,23.19851,23.270139999999998,23.34875,23.42045,23.46826,23.50962,23.54778,23.58721,23.61695,23.64781,23.68465,South America
Haiti,22.90655,22.93626,22.9583,22.974729999999997,22.98937,23.0032,23.01128,23.013360000000002,23.01286,23.011589999999998,23.01501,23.021910000000002,23.01622,23.01219,23.003729999999997,23.01138,23.02365,23.04808,23.08169,23.1246,23.173479999999998,23.2232,23.275779999999997,23.3296,23.38565,23.44359,23.50879,23.58323,23.66302,North America
Honduras,23.13391,23.1985,23.25895,23.31384,23.366870000000002,23.4218,23.47703,23.53606,23.60608,23.67884,23.74195,23.80441,23.87519,23.953470000000003,24.0249,24.09955,24.18044,24.26988,24.34796,24.415860000000002,24.48024,24.548679999999997,24.62025,24.688000000000002,24.76042,24.84076,24.924529999999997,25.01546,25.10872,North America
"Hong Kong, China",21.63375,21.752670000000002,21.86784,21.986710000000002,22.11127,22.23343,22.36179,22.49845,22.640539999999998,22.782429999999998,22.92726,23.07181,23.22325,23.373739999999998,23.52496,23.6696,23.80513,23.93306,24.04084,24.14409,24.247339999999998,24.341160000000002,24.43015,24.51804,24.61484,24.72025,24.8309,24.944470000000003,25.057470000000002,Asia
Hungary,25.28424,25.35008,25.42012,25.48757,25.55388,25.61893,25.68529,25.75694,25.82174,25.88606,25.93988,25.968320000000002,25.99537,26.0249,26.05337,26.07566,26.104129999999998,26.13989,26.1921,26.24871,26.32296,26.401759999999996,26.488090000000003,26.57555,26.685570000000002,26.78605,26.90203,27.00873,27.115679999999998,Europe
Iceland,24.82734,24.92462,25.00838,25.077289999999998,25.13832,25.20076,25.27223,25.335420000000003,25.39311,25.45393,25.50969,25.57076,25.63281,25.69722,25.77402,25.84124,25.913339999999998,25.998820000000002,26.09548,26.1939,26.29702,26.39685,26.502990000000004,26.612040000000004,26.734029999999997,26.85805,26.977959999999996,27.097340000000003,27.206870000000002,Europe
India,21.09132,21.04581,21.00317,20.96066,20.92134,20.88185,20.84291,20.800620000000002,20.76272,20.72949,20.7024,20.67306,20.646420000000003,20.62593,20.61725,20.62203,20.637970000000003,20.6652,20.69815,20.7406,20.779320000000002,20.81119,20.835620000000002,20.8555,20.87218,20.88994,20.91145,20.93488,20.95956,Asia
Indonesia,19.857229999999998,19.903660000000002,19.94077,19.983179999999997,20.032329999999998,20.07793,20.12761,20.17621,20.23084,20.291079999999997,20.35126,20.418870000000002,20.49719,20.57903,20.66926,20.76345,20.85661,20.947210000000002,21.01366,21.07734,21.14825,21.22,21.29583,21.37829,21.46416,21.554270000000002,21.64688,21.748070000000002,21.85576,Asia
Iran,23.161839999999998,23.23424,23.31364,23.4015,23.49059,23.57426,23.644389999999998,23.70826,23.75791,23.81757,23.90194,23.99346,24.09265,24.19475,24.30065,24.40843,24.51378,24.61608,24.70879,24.787110000000002,24.85189,24.90839,24.960620000000002,24.995820000000002,25.05111,25.11463,25.17429,25.241629999999997,25.310029999999998,Asia
Iraq,24.98391,25.07866,25.16866,25.25453,25.33199,25.40363,25.47775,25.55415,25.62027,25.6894,25.74914,25.71613,25.710620000000002,25.73522,25.76909,25.7876,25.84621,25.88685,25.96694,26.08411,26.18983,26.31219,26.41797,26.45662,26.49992,26.53882,26.58597,26.64623,26.71017,Asia
Ireland,25.809420000000003,25.83961,25.86538,25.88202,25.902720000000002,25.92826,25.95512,25.98481,26.02015,26.06396,26.1214,26.18222,26.25085,26.312309999999997,26.38027,26.45337,26.54485,26.654120000000002,26.760959999999997,26.86328,26.969040000000003,27.072640000000003,27.17342,27.2638,27.343729999999997,27.41975,27.48572,27.576759999999997,27.65325,Europe
Israel,24.76857,24.795720000000003,24.84701,24.8947,24.94352,24.9897,25.044810000000002,25.10475,25.17435,25.232329999999997,25.30622,25.37606,25.457710000000002,25.538420000000002,25.61811,25.71673,25.83036,25.94161,26.04805,26.15018,26.2625,26.3781,26.49152,26.596890000000002,26.7023,26.81523,26.91824,27.02232,27.13151,Asia
Italy,25.4106,25.414170000000002,25.41974,25.424670000000003,25.42456,25.430229999999998,25.44088,25.45918,25.48011,25.50611,25.537779999999998,25.57722,25.619429999999998,25.6544,25.69556,25.73105,25.77075,25.80452,25.84628,25.891379999999998,25.94303,25.995639999999998,26.05786,26.11983,26.19245,26.262490000000003,26.33693,26.408490000000004,26.4802,Europe
Jamaica,22.33166,22.358829999999998,22.38478,22.4151,22.44398,22.46556,22.49161,22.53213,22.573220000000003,22.61526,22.65921,22.70581,22.75759,22.823439999999998,22.89494,22.9611,23.03603,23.107429999999997,23.177429999999998,23.25101,23.32343,23.40351,23.481370000000002,23.56227,23.64944,23.73732,23.82337,23.91519,24.00421,North America
Japan,22.1008,22.11807,22.1382,22.15686,22.17225,22.18911,22.20966,22.23754,22.275779999999997,22.31904,22.36753,22.42054,22.48151,22.548939999999998,22.62295,22.70061,22.7845,22.867179999999998,22.93991,23.00911,23.077189999999998,23.13928,23.19359,23.24493,23.29598,23.34532,23.39421,23.44693,23.50004,Asia
Jordan,24.65223,24.77498,24.90362,25.03078,25.15302,25.28247,25.40708,25.52928,25.64378,25.72128,25.8005,25.88009,25.9715,26.07142,26.17154,26.270640000000004,26.350479999999997,26.44347,26.533859999999997,26.61774,26.71033,26.80006,26.896720000000002,26.976290000000002,27.079079999999998,27.173809999999996,27.2759,27.374290000000002,27.47362,Asia
Kazakhstan,24.5736,24.616310000000002,24.665129999999998,24.71128,24.75603,24.80378,24.85316,24.890279999999997,24.93086,24.96555,24.99543,25.0169,25.03312,25.03165,25.01606,24.99333,24.97532,24.96995,24.98548,25.024079999999998,25.09305,25.19051,25.311239999999998,25.44805,25.601210000000002,25.76711,25.939510000000002,26.11979,26.290779999999998,Asia
Kenya,20.31468,20.36356,20.4088,20.4523,20.48854,20.52727,20.57398,20.614829999999998,20.660729999999997,20.71295,20.76428,20.814220000000002,20.85751,20.89796,20.9327,20.969520000000003,21.00601,21.04325,21.08762,21.13181,21.1697,21.20768,21.24814,21.2843,21.33211,21.38233,21.44531,21.51645,21.592579999999998,Africa
Kiribati,25.48169,25.55256,25.62888,25.70594,25.793470000000003,25.88021,25.97192,26.064,26.17248,26.276020000000003,26.39606,26.520290000000003,26.64841,26.78385,26.93106,27.078190000000003,27.24093,27.40715,27.58718,27.78224,27.9735,28.152240000000003,28.328440000000004,28.49638,28.65407,28.8072,28.95385,29.097520000000003,29.2384,Oceania
"Korea, Dem. Rep.",21.79468,21.84316,21.89581,21.94895,22.003320000000002,22.057010000000002,22.10736,22.15829,22.2042,22.249270000000003,22.286360000000002,22.31865,22.33416,22.3428,22.32529,22.2861,22.23183,22.17696,22.1287,22.08971,22.06108,22.03698,22.02024,22.00924,22.00605,22.00731,22.00708,22.01135,22.01726,Asia
"Korea, Rep.",22.06965,22.075879999999998,22.10213,22.13054,22.16327,22.19934,22.2322,22.291999999999998,22.35878,22.4361,22.52903,22.62556,22.71199,22.78586,22.858810000000002,22.94119,23.03472,23.11659,23.19187,23.277420000000003,23.3752,23.46793,23.55274,23.64225,23.71901,23.7849,23.85106,23.92079,23.9895,Asia
Kuwait,25.49319,25.59347,25.693929999999998,25.79244,25.9014,25.99631,26.09362,26.18917,26.28548,26.3968,26.450120000000002,26.5278,26.655720000000002,26.83413,27.024690000000003,27.21557,27.403340000000004,27.578429999999997,27.73497,27.88174,28.032909999999998,28.169290000000004,28.26425,28.387859999999996,28.52341,28.67629,28.83975,29.003,29.172109999999996,Asia
Kyrgyzstan,24.3643,24.388360000000002,24.406579999999998,24.42736,24.44845,24.4697,24.489910000000002,24.50398,24.52412,24.53841,24.54697,24.53643,24.512079999999997,24.45599,24.38295,24.3061,24.24907,24.21422,24.209210000000002,24.206429999999997,24.22082,24.25526,24.29772,24.35925,24.43839,24.516379999999998,24.58982,24.666,24.747429999999998,Asia
Laos,19.59954,19.63955,19.677210000000002,19.713910000000002,19.75092,19.78267,19.81244,19.84167,19.869989999999998,19.901870000000002,19.93683,19.96869,20.005679999999998,20.05038,20.10266,20.15559,20.208779999999997,20.26491,20.32028,20.38,20.44315,20.50587,20.57241,20.642570000000003,20.71752,20.79999,20.88963,20.98242,21.07931,Asia
Latvia,25.12425,25.140420000000002,25.15379,25.16715,25.18238,25.20249,25.21924,25.233220000000003,25.25345,25.28678,25.31766,25.335160000000002,25.31612,25.29426,25.27586,25.27005,25.28771,25.31835,25.3578,25.41413,25.48263,25.564020000000003,25.672279999999997,25.78197,25.90648,26.04137,26.19151,26.32953,26.45693,Europe
Lebanon,23.8802,23.98402,24.0756,24.18211,24.30688,24.44256,24.57106,24.69291,24.79828,24.87539,24.9699,25.11042,25.24546,25.379920000000002,25.50984,25.65785,25.80689,25.96556,26.109379999999998,26.24877,26.36601,26.481240000000003,26.584609999999998,26.69645,26.807570000000002,26.903859999999998,26.98947,27.092679999999998,27.20117,Asia
Lesotho,20.5766,20.59964,20.62078,20.63468,20.64601,20.645960000000002,20.64452,20.643420000000003,20.653389999999998,20.66906,20.68597,20.69714,20.71191,20.73445,20.761779999999998,20.7994,20.8446,20.89856,20.95402,21.01332,21.07902,21.15073,21.22586,21.31467,21.41338,21.517979999999998,21.63691,21.76567,21.90157,Africa
Liberia,21.12546,21.15314,21.18413,21.212020000000003,21.23418,21.268639999999998,21.30005,21.33355,21.37133,21.37889,21.372320000000002,21.38477,21.39278,21.39555,21.40775,21.41723,21.43646,21.47413,21.506220000000003,21.54662,21.60139,21.65415,21.71408,21.72496,21.74375,21.76799,21.7985,21.84234,21.89537,Africa
Libya,24.39546,24.50966,24.61506,24.71525,24.8035,24.882579999999997,24.9561,25.02871,25.104229999999998,25.17578,25.23568,25.30868,25.37987,25.45129,25.526239999999998,25.59521,25.66955,25.74354,25.81026,25.8686,25.92907,25.99243,26.05284,26.120520000000003,26.1972,26.27448,26.355059999999998,26.447509999999998,26.54164,Africa
Lithuania,25.9996,25.99385,25.98854,25.987560000000002,25.990070000000003,25.98661,25.98031,25.97981,25.978,25.97939,25.982960000000002,25.98461,25.95745,25.917839999999998,25.86401,25.831889999999998,25.82294,25.83361,25.864639999999998,25.905479999999997,25.973470000000002,26.06024,26.15035,26.25435,26.37283,26.49493,26.619390000000003,26.74333,26.86102,Europe
Luxembourg,24.994320000000002,25.03678,25.09048,25.14088,25.194779999999998,25.2538,25.319110000000002,25.389689999999998,25.47533,25.56535,25.66131,25.76898,25.885189999999998,25.98781,26.09424,26.187260000000002,26.281809999999997,26.378559999999997,26.47301,26.57184,26.6644,26.750759999999996,26.8421,26.935740000000003,27.031190000000002,27.123820000000002,27.227759999999996,27.3321,27.434040000000003,Europe
"Macao, China",22.65022,22.75827,22.86494,22.9737,23.08299,23.1862,23.28912,23.39836,23.50617,23.61729,23.72873,23.837629999999997,23.95554,24.074720000000003,24.19368,24.3092,24.41917,24.519029999999997,24.60659,24.680310000000002,24.756729999999997,24.825860000000002,24.90383,24.99584,25.118579999999998,25.24306,25.3832,25.54498,25.713820000000002,Asia
"Macedonia, FYR",25.39905,25.42642,25.452360000000002,25.48184,25.505329999999997,25.52948,25.55564,25.569329999999997,25.57418,25.57386,25.56535,25.55013,25.529329999999998,25.50323,25.506429999999998,25.517039999999998,25.53988,25.564239999999998,25.61423,25.67776,25.74675,25.79818,25.852520000000002,25.92015,25.99986,26.07165,26.1574,26.25277,26.34473,Europe
Madagascar,20.6969,20.71678,20.731920000000002,20.74784,20.76609,20.78503,20.80859,20.832420000000003,20.86045,20.88876,20.92158,20.95133,20.97571,20.99956,21.01822,21.0367,21.05489,21.07619,21.09783,21.12003,21.14569,21.174120000000002,21.18056,21.19548,21.2164,21.24992,21.29165,21.3437,21.403470000000002,Africa
Malawi,20.79355,20.81847,20.84065,20.85144,20.863000000000003,20.87576,20.8892,20.89811,20.903489999999998,20.907339999999998,20.9186,20.937910000000002,20.948620000000002,20.97348,20.99899,21.04616,21.101979999999998,21.16561,21.23388,21.31075,21.38712,21.453210000000002,21.51781,21.588060000000002,21.6633,21.73955,21.826929999999997,21.92539,22.034679999999998,Africa
Malaysia,21.580029999999997,21.68427,21.7849,21.89074,22.000529999999998,22.10504,22.20184,22.295820000000003,22.3952,22.496979999999997,22.6064,22.71714,22.83756,22.96548,23.09928,23.2446,23.39285,23.53373,23.649810000000002,23.76383,23.87947,23.98722,24.0888,24.19118,24.29169,24.39334,24.503,24.613220000000002,24.73069,Asia
Maldives,20.44454,20.5085,20.56406,20.639039999999998,20.73497,20.83734,20.93894,21.03828,21.13978,21.240479999999998,21.32886,21.41354,21.50514,21.61515,21.722579999999997,21.81634,21.91005,22.00691,22.11027,22.206879999999998,22.30609,22.39307,22.48262,22.57956,22.69181,22.79395,22.9319,23.075329999999997,23.219910000000002,Asia
Mali,20.28129,20.306820000000002,20.32526,20.33895,20.35725,20.37219,20.39957,20.422520000000002,20.45123,20.488889999999998,20.53095,20.57916,20.631520000000002,20.678,20.72976,20.77477,20.82456,20.88091,20.94695,21.01837,21.080270000000002,21.158520000000003,21.23538,21.32541,21.41081,21.50232,21.5978,21.69203,21.78881,Africa
Malta,25.703770000000002,25.75106,25.79222,25.82924,25.86289,25.903760000000002,25.93342,25.97413,26.025760000000002,26.08931,26.15002,26.23524,26.32343,26.416040000000002,26.502359999999996,26.606340000000003,26.699140000000003,26.791320000000002,26.888890000000004,26.98558,27.07791,27.16484,27.24103,27.3194,27.39609,27.468559999999997,27.5412,27.60792,27.683609999999998,Europe
Marshall Islands,24.66611,24.822110000000002,24.97811,25.141270000000002,25.30169,25.455389999999998,25.62721,25.811120000000003,26.00013,26.197210000000002,26.39335,26.59011,26.77802,26.9603,27.14187,27.32525,27.485359999999996,27.639509999999998,27.78486,27.933940000000003,28.084909999999997,28.23885,28.3954,28.55544,28.722459999999998,28.88675,29.04784,29.210929999999998,29.37337,Oceania
Mauritania,20.85381,20.90764,20.95424,21.00572,21.03823,21.07181,21.11438,21.16486,21.21562,21.26856,21.32159,21.37271,21.4249,21.486060000000002,21.54433,21.6168,21.68749,21.75554,21.81767,21.89184,21.96901,22.04644,22.12388,22.195420000000002,22.2749,22.35387,22.446720000000003,22.535220000000002,22.62295,Africa
Mauritius,21.98902,22.1012,22.206310000000002,22.304470000000002,22.40026,22.50229,22.61191,22.73157,22.856379999999998,22.98164,23.10631,23.23364,23.36001,23.483220000000003,23.60584,23.71886,23.826520000000002,23.92989,24.03661,24.141820000000003,24.25019,24.361629999999998,24.47135,24.58312,24.69464,24.8083,24.92287,25.03885,25.15669,Africa
Mexico,24.453670000000002,24.60031,24.73697,24.86073,24.976020000000002,25.09166,25.19845,25.297179999999997,25.39259,25.4846,25.584310000000002,25.69054,25.798479999999998,25.90837,26.02117,26.11915,26.222859999999997,26.32961,26.433870000000002,26.53752,26.644779999999997,26.748070000000002,26.846629999999998,26.94203,27.037940000000003,27.13567,27.232190000000003,27.32899,27.42468,North America
"Micronesia, Fed. Sts.",24.40224,24.53078,24.659370000000003,24.78983,24.92259,25.06607,25.20833,25.34769,25.48999,25.62898,25.77362,25.921879999999998,26.07245,26.22206,26.37687,26.53033,26.674020000000002,26.80811,26.940279999999998,27.05913,27.18218,27.30293,27.42871,27.547159999999998,27.66177,27.772129999999997,27.88686,27.99366,28.10315,Oceania
Moldova,24.73103,24.71636,24.70478,24.69535,24.691670000000002,24.68037,24.66774,24.65955,24.65856,24.656029999999998,24.65421,24.63374,24.573710000000002,24.52099,24.41854,24.30591,24.2017,24.11505,24.02066,23.93918,23.90064,23.8677,23.87107,23.89259,23.929920000000003,23.99155,24.07066,24.14999,24.2369,Europe
Mongolia,23.4988,23.52186,23.54675,23.56861,23.59294,23.618570000000002,23.65152,23.68385,23.71549,23.74836,23.78044,23.79683,23.79353,23.790589999999998,23.7941,23.80494,23.81547,23.84189,23.8837,23.93297,23.987070000000003,24.051,24.12177,24.20976,24.317120000000003,24.43532,24.565070000000002,24.717129999999997,24.88385,Asia
Montenegro,25.502,25.52961,25.549529999999997,25.5734,25.59635,25.61765,25.63735,25.659329999999997,25.68741,25.7123,25.74268,25.76415,25.76374,25.70893,25.66753,25.64686,25.6866,25.731289999999998,25.78081,25.8196,25.8595,25.91759,25.98394,26.07903,26.17555,26.25773,26.34725,26.44582,26.55412,Europe
Morocco,23.2176,23.29614,23.376910000000002,23.45429,23.527260000000002,23.60259,23.68938,23.76385,23.85318,23.94904,24.035629999999998,24.13242,24.220010000000002,24.30474,24.39779,24.4719,24.55772,24.64174,24.72833,24.808510000000002,24.885820000000002,24.96542,25.051470000000002,25.13929,25.22994,25.3194,25.42322,25.52608,25.63182,Africa
Mozambique,20.43321,20.45127,20.46667,20.47859,20.484820000000003,20.4781,20.48316,20.507920000000002,20.5416,20.58594,20.63906,20.68369,20.71624,20.75391,20.79259,20.829179999999997,20.87,20.92308,20.98645,21.050829999999998,21.11392,21.19397,21.28235,21.37949,21.48161,21.59168,21.705389999999998,21.8193,21.93536,Africa
Myanmar,19.66279,19.6972,19.738970000000002,19.78487,19.832160000000002,19.87848,19.92212,19.95474,19.96996,19.9764,19.98742,19.99667,20.01802,20.0513,20.090139999999998,20.13908,20.19545,20.25928,20.3256,20.39798,20.47997,20.57011,20.670939999999998,20.78169,20.906760000000002,21.04131,21.18272,21.32024,21.44932,Asia
Namibia,21.082910000000002,21.10802,21.131120000000003,21.1489,21.1646,21.17665,21.18981,21.20287,21.21441,21.22541,21.2326,21.25007,21.27006,21.28986,21.3172,21.34968,21.38736,21.44053,21.502129999999998,21.57426,21.66432,21.75061,21.84144,21.94967,22.07364,22.20702,22.34933,22.4987,22.65008,Africa
Nauru,28.12449,28.35509,28.58248,28.815279999999998,29.045479999999998,29.28105,29.520020000000002,29.753190000000004,29.97877,30.204359999999998,30.421979999999998,30.63617,30.846390000000003,31.041190000000004,31.23113,31.41477,31.59122,31.766240000000003,31.94707,32.13097,32.31834,32.50635,32.70215,32.89697,33.09517,33.2964,33.49282,33.69373,33.89634,Oceania
Nepal,20.9636,20.924310000000002,20.88984,20.8529,20.818720000000003,20.78904,20.75913,20.727829999999997,20.70202,20.677229999999998,20.65819,20.64725,20.63693,20.63084,20.63165,20.63472,20.63549,20.642139999999998,20.64776,20.659329999999997,20.674789999999998,20.69141,20.70203,20.71377,20.72315,20.73189,20.73895,20.74963,20.76344,Asia
Netherlands,24.128970000000002,24.15129,24.177989999999998,24.20056,24.22622,24.25089,24.280170000000002,24.31371,24.35609,24.40036,24.46741,24.53565,24.61928,24.69735,24.7679,24.847070000000002,24.92677,25.00139,25.084570000000003,25.174310000000002,25.26476,25.358079999999998,25.45318,25.53967,25.627670000000002,25.72061,25.81805,25.9188,26.01541,Europe
Netherlands Antilles,24.61514,24.75996,24.89463,25.01301,25.11061,25.19954,25.28359,25.36058,25.42579,25.511570000000003,25.59446,25.67834,25.76481,25.872870000000002,25.98254,26.10876,26.236259999999998,26.368809999999996,26.504409999999996,26.635720000000003,26.76995,26.88983,27.00248,27.111909999999998,27.23803,27.35193,27.460390000000004,27.58046,27.705579999999998,North America
New Zealand,25.26155,25.31869,25.374229999999997,25.43056,25.49691,25.56261,25.63663,25.71278,25.78555,25.85735,25.9278,25.98728,26.05001,26.12349,26.20156,26.28952,26.381629999999998,26.469659999999998,26.549190000000003,26.64585,26.754920000000002,26.870559999999998,26.9948,27.118129999999997,27.24742,27.3821,27.51091,27.644440000000003,27.768929999999997,Oceania
Nicaragua,24.02412,24.08819,24.14205,24.1966,24.25427,24.30151,24.35246,24.39314,24.43531,24.47409,24.51608,24.5551,24.60781,24.6547,24.70176,24.75597,24.80855,24.86823,24.940070000000002,25.02261,25.10603,25.1895,25.26476,25.339010000000002,25.42519,25.50722,25.59272,25.682660000000002,25.77291,North America
Niger,20.52134,20.56417,20.60781,20.64086,20.6501,20.647289999999998,20.65594,20.66154,20.66368,20.66718,20.67435,20.675179999999997,20.67278,20.67461,20.68006,20.69191,20.70413,20.7205,20.7592,20.79823,20.82732,20.859029999999997,20.89746,20.94246,20.974079999999997,21.02509,21.08073,21.14583,21.21958,Africa
Nigeria,21.007920000000002,21.04177,21.07423,21.09329,21.10216,21.11996,21.143829999999998,21.16731,21.20638,21.26245,21.33302,21.4218,21.51588,21.616429999999998,21.70705,21.79146,21.87817,21.96262,22.04579,22.13099,22.21424,22.29861,22.37732,22.47019,22.5717,22.6806,22.795379999999998,22.91228,23.03322,Africa
Norway,24.68457,24.73764,24.78809,24.83173,24.88225,24.93555,24.99121,25.05209,25.10225,25.1546,25.2098,25.26717,25.33276,25.404329999999998,25.49028,25.57453,25.671789999999998,25.771520000000002,25.87428,25.97399,26.07561,26.17836,26.284990000000004,26.391509999999997,26.506140000000002,26.61797,26.72222,26.831259999999997,26.934240000000003,Europe
Oman,23.03985,23.1285,23.22638,23.33009,23.44716,23.56629,23.682029999999997,23.79362,23.907529999999998,24.0271,24.14473,24.265539999999998,24.38626,24.517020000000002,24.64511,24.78063,24.90626,25.02654,25.152179999999998,25.260089999999998,25.3688,25.484189999999998,25.58856,25.686,25.78828,25.89545,26.003770000000003,26.1214,26.241090000000003,Asia
Pakistan,21.53642,21.541439999999998,21.55069,21.56113,21.57176,21.58268,21.59759,21.61532,21.63534,21.653679999999998,21.67267,21.69424,21.7251,21.75977,21.793470000000003,21.83634,21.87969,21.91376,21.94951,21.98501,22.01724,22.04435,22.06815,22.09327,22.120420000000003,22.156760000000002,22.2003,22.24841,22.299139999999998,Asia
Palau,25.42376,25.55124,25.67951,25.8113,25.95121,26.0922,26.2376,26.38045,26.55388,26.737790000000004,26.9361,27.13085,27.3242,27.51336,27.7046,27.90584,28.112140000000004,28.31536,28.511259999999996,28.69487,28.8691,29.045859999999998,29.2188,29.393259999999998,29.575909999999997,29.76823,29.962970000000002,30.169340000000002,30.377570000000002,Oceania
Panama,23.52611,23.60551,23.6924,23.77497,23.86279,23.95022,24.0378,24.131729999999997,24.19482,24.2621,24.340729999999997,24.422439999999998,24.507839999999998,24.59741,24.68749,24.78475,24.88972,24.9982,25.1116,25.22942,25.34018,25.44021,25.5437,25.64547,25.75525,25.868560000000002,25.99121,26.12567,26.26959,North America
Papua New Guinea,21.76194,21.8902,22.01556,22.14111,22.262079999999997,22.38668,22.51598,22.64344,22.76684,22.89698,23.02485,23.1542,23.2848,23.43394,23.59245,23.73647,23.86733,23.99009,24.110039999999998,24.22417,24.326529999999998,24.421789999999998,24.50827,24.5936,24.67095,24.753870000000003,24.831139999999998,24.92197,25.015060000000002,Oceania
Paraguay,23.40858,23.48692,23.566110000000002,23.630129999999998,23.69463,23.768620000000002,23.82157,23.87321,23.92801,23.98979,24.05131,24.12454,24.19453,24.27485,24.35741,24.44485,24.53223,24.61662,24.69241,24.775879999999997,24.84526,24.92018,24.99871,25.08099,25.16125,25.24504,25.33655,25.43538,25.54223,South America
Peru,23.039939999999998,23.08686,23.1289,23.154870000000003,23.18981,23.23261,23.2909,23.364320000000003,23.42941,23.46155,23.47687,23.4998,23.51614,23.54635,23.59906,23.66987,23.74694,23.83509,23.923000000000002,24.01365,24.106170000000002,24.18814,24.27281,24.35174,24.42612,24.502029999999998,24.58439,24.67405,24.770410000000002,South America
Philippines,21.21647,21.28866,21.35576,21.4222,21.4751,21.51568,21.55869,21.60986,21.66246,21.72042,21.78691,21.84904,21.911270000000002,21.97304,22.04148,22.109679999999997,22.184260000000002,22.25555,22.30886,22.364910000000002,22.4219,22.46598,22.512970000000003,22.560010000000002,22.61532,22.67081,22.731289999999998,22.8007,22.872629999999997,Asia
Poland,25.140620000000002,25.1595,25.168960000000002,25.18511,25.205270000000002,25.22662,25.25539,25.28185,25.31771,25.354770000000002,25.375870000000003,25.39355,25.42163,25.45525,25.48839,25.53633,25.595760000000002,25.66453,25.74525,25.8335,25.9254,26.0165,26.103479999999998,26.18799,26.27893,26.371370000000002,26.47001,26.57013,26.6738,Europe
Portugal,25.04993,25.043979999999998,25.04309,25.04187,25.033739999999998,25.03827,25.054779999999997,25.09686,25.14198,25.20641,25.28416,25.36382,25.44172,25.52125,25.59756,25.6778,25.755570000000002,25.82777,25.90605,25.990470000000002,26.07041,26.1495,26.235590000000002,26.31265,26.391270000000002,26.4613,26.53228,26.6081,26.68445,Europe
Puerto Rico,24.80369,24.87429,24.94592,25.02585,25.10865,25.1951,25.27972,25.37373,25.47403,25.58268,25.69013,25.8027,25.920820000000003,26.0466,26.17938,26.325390000000002,26.47035,26.621309999999998,26.77866,26.94262,27.10872,27.275509999999997,27.43545,27.59733,27.763379999999998,27.92199,28.08172,28.228040000000004,28.378040000000002,North America
Qatar,24.96196,25.06774,25.16338,25.23498,25.31202,25.383000000000003,25.44971,25.51719,25.59487,25.673479999999998,25.7564,25.84907,25.95368,26.06332,26.17688,26.293290000000002,26.41204,26.54693,26.692909999999998,26.840670000000003,26.986859999999997,27.12452,27.26179,27.405109999999997,27.550109999999997,27.692259999999997,27.83362,27.98678,28.13138,Asia
Romania,24.670170000000002,24.6933,24.724870000000003,24.75422,24.78878,24.81455,24.82589,24.82688,24.82019,24.80314,24.78799,24.75188,24.70036,24.6656,24.63574,24.6279,24.638479999999998,24.63866,24.64353,24.65689,24.68514,24.73358,24.79496,24.87472,24.96144,25.0632,25.176660000000002,25.287470000000003,25.41069,Europe
Russia,25.0043,25.00232,24.99679,24.99353,24.98785,24.98302,24.97976,24.96914,24.97129,24.97609,24.98775,24.991,24.98536,24.98602,24.97425,24.96507,24.95205,24.95279,24.95298,24.97309,25.0172,25.08625,25.17367,25.28208,25.4088,25.54944,25.69557,25.8535,26.01131,Europe
Rwanda,21.619220000000002,21.6614,21.71239,21.76031,21.78135,21.81261,21.82631,21.83247,21.8256,21.84076,21.81502,21.79399,21.79264,21.78895,21.71451,21.71504,21.719620000000003,21.73684,21.773670000000003,21.82058,21.87056,21.919620000000002,22.00366,22.09058,22.17715,22.26357,22.35369,22.4516,22.55453,Africa
Saint Kitts and Nevis,25.261,25.33652,25.40736,25.475820000000002,25.55506,25.635,25.7252,25.82189,25.91584,26.00314,26.087529999999997,26.1717,26.2593,26.351190000000003,26.456409999999998,26.576009999999997,26.698490000000003,26.81985,26.93852,27.066259999999996,27.19905,27.32119,27.44162,27.56483,27.6935,27.819059999999997,27.94909,28.085590000000003,28.22986,North America
Saint Lucia,22.82916,22.85923,22.8879,22.92127,22.97072,23.01605,23.06768,23.117829999999998,23.17762,23.246589999999998,23.32514,23.40686,23.490370000000002,23.573,23.65405,23.73497,23.80912,23.88018,23.956970000000002,24.024729999999998,24.090729999999997,24.13984,24.19099,24.25605,24.324370000000002,24.402910000000002,24.48682,24.56844,24.65176,North America
Saint Vincent and the Grenadines,23.06618,23.11392,23.16536,23.21704,23.27733,23.33821,23.40612,23.47805,23.55157,23.62715,23.716260000000002,23.79168,23.87487,23.95685,24.016460000000002,24.08867,24.15437,24.23214,24.303620000000002,24.38506,24.47418,24.57098,24.68569,24.80068,24.92831,25.053739999999998,25.188270000000003,25.3176,25.44121,North America
Samoa,25.83472,25.99935,26.15725,26.31038,26.467270000000003,26.64126,26.80807,26.98565,27.15731,27.31196,27.45165,27.57865,27.67714,27.80065,27.90823,28.038,28.19742,28.36491,28.54905,28.73785,28.93492,29.13945,29.340690000000002,29.53503,29.72547,29.905509999999996,30.0889,30.260440000000003,30.42475,Oceania
Sao Tome and Principe,21.273989999999998,21.31334,21.36899,21.41756,21.4642,21.51928,21.56152,21.606579999999997,21.649820000000002,21.6996,21.753610000000002,21.8061,21.86141,21.92185,21.9945,22.06417,22.136770000000002,22.23617,22.334,22.42935,22.53154,22.640279999999997,22.752029999999998,22.866989999999998,22.98085,23.10325,23.23616,23.37208,23.51233,Africa
Saudi Arabia,25.025,25.17207,25.30601,25.417270000000002,25.51095,25.57572,25.63769,25.696720000000003,25.76424,25.82999,25.916729999999998,26.015710000000002,26.120179999999998,26.22935,26.33868,26.45034,26.55977,26.66882,26.779040000000002,26.88356,26.99168,27.096,27.191909999999996,27.301679999999998,27.41224,27.528959999999998,27.647129999999997,27.7644,27.884320000000002,Asia
Senegal,20.267,20.31774,20.37281,20.41856,20.464489999999998,20.51621,20.56741,20.61342,20.66175,20.70301,20.743560000000002,20.79289,20.84855,20.90822,20.9613,21.014310000000002,21.06393,21.12464,21.18605,21.2535,21.3219,21.38834,21.449089999999998,21.518,21.59394,21.674120000000002,21.75457,21.84124,21.927429999999998,Africa
Serbia,25.6038,25.64709,25.68167,25.71951,25.755489999999998,25.789279999999998,25.82077,25.85356,25.89123,25.924139999999998,25.9617,25.99304,25.99561,25.95303,25.92375,25.905829999999998,25.92565,25.95209,25.98264,25.98488,25.99052,26.02009,26.059820000000002,26.12686,26.20059,26.264559999999996,26.336890000000004,26.42002,26.51495,Europe
Seychelles,22.158910000000002,22.26575,22.365779999999997,22.460720000000002,22.555429999999998,22.6613,22.7601,22.86179,22.97205,23.09156,23.213279999999997,23.34457,23.48498,23.629189999999998,23.77534,23.90865,24.040689999999998,24.18047,24.3203,24.44887,24.5804,24.70393,24.82301,24.93235,25.027810000000002,25.14325,25.26795,25.414260000000002,25.56236,Africa
Sierra Leone,21.36041,21.40767,21.45595,21.49821,21.53877,21.57846,21.6145,21.65417,21.68635,21.71679,21.74587,21.77198,21.7886,21.8085,21.843729999999997,21.87518,21.904970000000002,21.91602,21.91706,21.902839999999998,21.89919,21.918000000000003,21.96438,22.02819,22.10557,22.19761,22.301920000000003,22.41321,22.53139,Africa
Singapore,22.56816,22.63397,22.69746,22.76362,22.82848,22.88449,22.93952,22.9966,23.06131,23.128829999999997,23.19591,23.265710000000002,23.32999,23.4027,23.47382,23.54164,23.60396,23.65914,23.701,23.732470000000003,23.76281,23.776670000000003,23.78492,23.78935,23.79608,23.80876,23.81831,23.83205,23.83996,Asia
Slovak Republic,25.54614,25.58635,25.62135,25.65713,25.69851,25.73811,25.77931,25.81626,25.85951,25.90598,25.94697,25.97514,25.99551,26.0168,26.04675,26.08351,26.13178,26.19109,26.261120000000002,26.309409999999996,26.3444,26.383670000000002,26.43238,26.48572,26.542070000000002,26.62371,26.71742,26.821240000000003,26.92717,Europe
Slovenia,25.696279999999998,25.73622,25.77252,25.80809,25.85281,25.88685,25.92372,25.95768,25.99316,26.03286,26.06808,26.090410000000002,26.10641,26.14656,26.200789999999998,26.265420000000002,26.347040000000003,26.42509,26.506490000000003,26.5865,26.69247,26.78108,26.87825,26.968809999999998,27.06755,27.16275,27.25763,27.350640000000002,27.43983,Europe
Solomon Islands,23.98967,24.11103,24.23121,24.343510000000002,24.453879999999998,24.564629999999998,24.66985,24.774639999999998,24.878429999999998,24.99609,25.11838,25.24286,25.37952,25.51425,25.64945,25.79141,25.93356,26.0693,26.198220000000003,26.314770000000003,26.403370000000002,26.47893,26.55288,26.63543,26.72525,26.822229999999998,26.92452,27.035870000000003,27.159879999999998,Oceania
Somalia,20.92911,20.96415,20.99438,21.02672,21.05783,21.089660000000002,21.1222,21.15619,21.19051,21.23726,21.27975,21.31888,21.35827,21.39259,21.424310000000002,21.44441,21.468989999999998,21.49611,21.52228,21.545370000000002,21.572010000000002,21.5981,21.6351,21.675539999999998,21.71384,21.77287,21.82666,21.89742,21.969170000000002,Africa
South Africa,23.13811,23.17439,23.206120000000002,23.23626,23.2704,23.30367,23.33707,23.37885,23.42474,23.4743,23.52675,23.58051,23.63539,23.69439,23.76762,23.85642,23.96304,24.09036,24.230220000000003,24.393279999999997,24.577779999999997,24.78496,25.01756,25.27456,25.552770000000002,25.85105,26.17266,26.51022,26.85538,Africa
Spain,25.34477,25.37087,25.39528,25.415020000000002,25.43313,25.460420000000003,25.489710000000002,25.53439,25.586170000000003,25.65028,25.72032,25.79976,25.88464,25.96412,26.04306,26.12167,26.209989999999998,26.3022,26.39609,26.5,26.60724,26.71782,26.835,26.95143,27.06646,27.17847,27.291970000000003,27.39562,27.49975,Europe
Sri Lanka,20.381520000000002,20.44378,20.49434,20.546979999999998,20.59544,20.63366,20.67478,20.70746,20.73936,20.77225,20.80921,20.85393,20.90149,20.95994,21.02658,21.0932,21.1642,21.23943,21.3152,21.38576,21.45652,21.516389999999998,21.56997,21.62526,21.68151,21.74239,21.811239999999998,21.88625,21.96671,Asia
Sudan,20.71915,20.75761,20.79627,20.82779,20.8473,20.86213,20.8824,20.90864,20.93535,20.96653,20.99367,21.03162,21.07525,21.12529,21.17918,21.23783,21.29703,21.36275,21.43225,21.49895,21.57897,21.66078,21.752470000000002,21.84463,21.9434,22.0473,22.16048,22.280839999999998,22.40484,Africa
Suriname,23.29584,23.362289999999998,23.42391,23.48051,23.52685,23.57228,23.61061,23.64374,23.68688,23.73931,23.79644,23.87112,23.94219,24.012179999999997,24.072979999999998,24.133570000000002,24.20795,24.30276,24.40073,24.50072,24.58296,24.67839,24.77476,24.88042,25.00262,25.125239999999998,25.237470000000002,25.36476,25.49887,South America
Swaziland,21.41393,21.4468,21.477320000000002,21.49897,21.52619,21.55783,21.5929,21.63469,21.68481,21.74249,21.79222,21.83435,21.87637,21.91338,21.948539999999998,21.98135,22.02255,22.073539999999998,22.132070000000002,22.20111,22.28343,22.37484,22.48246,22.58925,22.70309,22.8175,22.94034,23.05694,23.16969,Africa
Sweden,24.71797,24.75768,24.79446,24.82977,24.866889999999998,24.90539,24.94952,24.9971,25.05041,25.10748,25.16444,25.21542,25.265970000000003,25.317529999999998,25.37889,25.43743,25.49521,25.56026,25.621470000000002,25.687379999999997,25.75589,25.82526,25.89779,25.970579999999998,26.04705,26.1255,26.2098,26.29358,26.37629,Europe
Switzerland,25.15845,25.17901,25.204520000000002,25.2227,25.246,25.26813,25.29805,25.32245,25.354129999999998,25.38598,25.42673,25.46021,25.500329999999998,25.54019,25.57968,25.61801,25.661579999999997,25.69975,25.73992,25.77055,25.80709,25.85,25.89402,25.9385,25.98248,26.0288,26.079629999999998,26.139789999999998,26.20195,Europe
Syria,24.347520000000003,24.47281,24.590989999999998,24.69695,24.78259,24.86739,24.93725,24.99488,25.06755,25.111639999999998,25.16734,25.23955,25.32346,25.41595,25.52016,25.629920000000002,25.75749,25.87469,25.99952,26.11749,26.23028,26.32429,26.41778,26.507270000000002,26.5923,26.67649,26.76554,26.84018,26.919690000000003,Asia
Taiwan,22.402379999999997,22.47259,22.54484,22.62341,22.70801,22.78902,22.87436,22.96184,23.046870000000002,23.13216,23.21114,23.29005,23.37324,23.453020000000002,23.53399,23.61526,23.69346,23.77188,23.84441,23.9139,23.98341,24.03942,24.09281,24.14591,24.20489,24.26291,24.3254,24.38886,24.44939,Asia
Tajikistan,24.19187,24.21477,24.23035,24.25412,24.275389999999998,24.29276,24.31117,24.31859,24.32583,24.31905,24.30014,24.26272,24.180239999999998,24.08605,23.96471,23.84028,23.70978,23.59187,23.48205,23.39624,23.34496,23.32384,23.33256,23.36877,23.42971,23.50825,23.59211,23.6844,23.77966,Asia
Tanzania,21.27393,21.30234,21.33163,21.36444,21.39463,21.41743,21.43652,21.457729999999998,21.48072,21.50454,21.53365,21.56672,21.59534,21.61958,21.64031,21.656589999999998,21.674870000000002,21.71586,21.75849,21.80313,21.8471,21.89837,21.96421,22.03282,22.11099,22.19579,22.290670000000002,22.383589999999998,22.47792,Africa
Thailand,20.26858,20.36836,20.462,20.555529999999997,20.65286,20.75336,20.84919,20.95146,21.06203,21.18918,21.31953,21.45581,21.59724,21.74154,21.88441,22.03004,22.16708,22.28385,22.36538,22.43802,22.49964,22.549970000000002,22.604670000000002,22.66055,22.72091,22.78312,22.85569,22.93186,23.008029999999998,Asia
Timor-Leste,19.92875,19.94611,19.95992,19.97382,19.98943,20.005489999999998,20.02296,20.0398,20.06136,20.08093,20.10669,20.14658,20.19698,20.25745,20.32359,20.39477,20.46321,20.53556,20.59645,20.60753,20.61151,20.616979999999998,20.61505,20.60296,20.59168,20.57762,20.5605,20.56553,20.59082,Asia
Togo,20.90726,20.93318,20.9509,20.95109,20.96319,20.97264,20.97971,20.98591,21.00101,21.02166,21.052220000000002,21.076970000000003,21.09815,21.11306,21.14536,21.185660000000002,21.23926,21.289,21.33483,21.38407,21.425639999999998,21.46784,21.51224,21.56682,21.622729999999997,21.68029,21.740560000000002,21.808989999999998,21.87875,Africa
Tonga,26.38245,26.53977,26.71129,26.87732,27.05085,27.227890000000002,27.404420000000002,27.58062,27.75135,27.91988,28.09517,28.26486,28.435140000000004,28.6013,28.76827,28.94029,29.11615,29.281990000000004,29.440179999999998,29.60169,29.773770000000003,29.94115,30.104159999999997,30.256559999999997,30.40434,30.547009999999997,30.69518,30.846290000000003,30.99563,Oceania
Trinidad and Tobago,24.81322,24.89256,24.96594,25.02672,25.07835,25.11966,25.14045,25.15129,25.1431,25.12705,25.11359,25.116139999999998,25.12136,25.12806,25.15276,25.188029999999998,25.233610000000002,25.28595,25.34881,25.42055,25.50427,25.59349,25.685,25.7979,25.909779999999998,26.02441,26.14762,26.274259999999998,26.396690000000003,North America
Tunisia,22.19206,22.27883,22.36236,22.44939,22.53428,22.62118,22.70853,22.79393,22.87136,22.95095,23.042679999999997,23.131439999999998,23.23761,23.3474,23.45644,23.55951,23.671529999999997,23.79291,23.91893,24.05655,24.18309,24.30098,24.41337,24.53262,24.66164,24.77842,24.90897,25.03337,25.15699,Africa
Turkey,23.66064,23.72726,23.79751,23.86535,23.94047,24.02091,24.10812,24.208389999999998,24.31877,24.430410000000002,24.548820000000003,24.66999,24.791529999999998,24.91986,25.03051,25.14651,25.27038,25.396729999999998,25.51746,25.6213,25.73719,25.82401,25.92331,26.03143,26.14951,26.28537,26.42238,26.561809999999998,26.703709999999997,Asia
Turkmenistan,24.36178,24.39382,24.4241,24.4529,24.48779,24.50808,24.53527,24.55679,24.57425,24.587310000000002,24.59178,24.57935,24.55385,24.53719,24.49877,24.45991,24.41998,24.37632,24.34956,24.353920000000002,24.37988,24.42746,24.49745,24.58993,24.707279999999997,24.8375,24.97361,25.11037,25.24796,Asia
Uganda,21.26771,21.2759,21.30671,21.347579999999997,21.363120000000002,21.374010000000002,21.38591,21.40204,21.426370000000002,21.4581,21.49764,21.53288,21.55733,21.59188,21.6384,21.69042,21.73546,21.78184,21.83446,21.88065,21.92922,21.98402,22.040689999999998,22.09274,22.1433,22.18915,22.23996,22.2968,22.35833,Africa
Ukraine,24.91605,24.92332,24.93381,24.94412,24.9525,24.95528,24.97105,24.98551,24.99758,25.01783,25.03725,25.0517,25.05866,25.0484,24.99754,24.939989999999998,24.87676,24.823520000000002,24.77336,24.73059,24.71955,24.735120000000002,24.77167,24.83912,24.94095,25.05419,25.17695,25.30307,25.42379,Europe
United Arab Emirates,24.883879999999998,25.0757,25.2388,25.36219,25.51162,25.63167,25.702679999999997,25.79164,25.83178,25.90462,25.98216,26.06863,26.16562,26.2636,26.39207,26.511190000000003,26.64237,26.760279999999998,26.86474,26.977209999999996,27.08488,27.174220000000002,27.276159999999997,27.39974,27.51332,27.61944,27.76261,27.90413,28.053590000000003,Asia
United Kingdom,24.722160000000002,24.78911,24.860570000000003,24.93208,25.00774,25.08727,25.17483,25.26661,25.36885,25.47263,25.58043,25.68395,25.79325,25.90392,26.01879,26.12699,26.23783,26.346109999999996,26.447770000000002,26.55022,26.64648,26.74677,26.83783,26.92578,27.0162,27.10412,27.204320000000003,27.29918,27.392490000000002,Europe
United States,25.46406,25.57524,25.678829999999998,25.788120000000003,25.9069,26.025679999999998,26.1374,26.259390000000003,26.37687,26.492690000000003,26.60827,26.71961,26.836090000000002,26.951629999999998,27.068379999999998,27.1781,27.283759999999997,27.393659999999997,27.498459999999998,27.603859999999997,27.710390000000004,27.805690000000002,27.904790000000002,28.00041,28.10039,28.197029999999998,28.289590000000004,28.375740000000004,28.456979999999998,North America
Uruguay,24.24001,24.31948,24.3926,24.44209,24.49525,24.54516,24.59804,24.67024,24.739720000000002,24.80593,24.86952,24.952289999999998,25.05527,25.157420000000002,25.269579999999998,25.36804,25.47642,25.58248,25.68818,25.78625,25.86898,25.93469,25.96627,26.00585,26.06073,26.13136,26.20624,26.292559999999998,26.39123,South America
Uzbekistan,24.565,24.60077,24.62187,24.6478,24.6689,24.698320000000002,24.72305,24.746029999999998,24.77115,24.782870000000003,24.78404,24.778660000000002,24.75026,24.73165,24.71118,24.69517,24.67727,24.682029999999997,24.69876,24.72082,24.75326,24.794179999999997,24.839979999999997,24.88965,24.95455,25.03331,25.12717,25.222260000000002,25.32054,Asia
Vanuatu,23.20701,23.3299,23.460160000000002,23.60431,23.75134,23.894660000000002,24.03171,24.15571,24.27529,24.397270000000002,24.52964,24.66287,24.79143,24.92541,25.05856,25.19282,25.32325,25.45811,25.59565,25.723979999999997,25.852079999999997,25.96032,26.05661,26.1606,26.270870000000002,26.38887,26.513759999999998,26.64903,26.78926,Oceania
Venezuela,24.58052,24.69666,24.80082,24.89208,24.9844,25.07104,25.15587,25.24624,25.35274,25.433220000000002,25.52678,25.634439999999998,25.75528,25.87036,25.972179999999998,26.080460000000002,26.18272,26.29177,26.40105,26.50035,26.61021,26.71688,26.7921,26.854979999999998,26.951620000000002,27.05633,27.17698,27.308490000000003,27.445,South America
Vietnam,19.013939999999998,19.03902,19.06804,19.09675,19.13046,19.163970000000003,19.1974,19.23481,19.2709,19.31105,19.3515,19.39625,19.45212,19.51493,19.58757,19.66996,19.75854,19.847939999999998,19.9358,20.02081,20.10343,20.18623,20.27145,20.36402,20.46585,20.572770000000002,20.68655,20.80189,20.9163,Asia
West Bank and Gaza,24.31624,24.40192,24.48713,24.571070000000002,24.655820000000002,24.74148,24.82984,24.91615,25.001079999999998,25.085929999999998,25.17834,25.27187,25.376829999999998,25.48893,25.61249,25.73496,25.87428,26.01468,26.15144,26.2824,26.39074,26.456999999999997,26.48925,26.51152,26.52924,26.543290000000002,26.544490000000003,26.5546,26.5775,Asia
"Yemen, Rep.",22.90384,22.96813,23.02669,23.072789999999998,23.12566,23.169439999999998,23.209329999999998,23.250429999999998,23.29401,23.33879,23.382360000000002,23.42152,23.46544,23.51371,23.56154,23.61684,23.669729999999998,23.72737,23.791520000000002,23.85482,23.924670000000003,23.99129,24.05692,24.124589999999998,24.19204,24.25638,24.3212,24.37949,24.441570000000002,Asia
Zambia,19.66295,19.695120000000003,19.725379999999998,19.7542,19.7807,19.80335,19.82396,19.85065,19.8832,19.92451,19.9668,20.007460000000002,20.040960000000002,20.07781,20.09502,20.09977,20.11009,20.12375,20.13349,20.15094,20.17261,20.20266,20.24298,20.29474,20.35966,20.43398,20.51422,20.5977,20.68321,Africa
Zimbabwe,21.46989,21.488670000000003,21.507379999999998,21.52936,21.53383,21.54341,21.54859,21.5459,21.55396,21.569029999999998,21.58005,21.59694,21.5901,21.58547,21.59029,21.58986,21.603620000000003,21.62721,21.65496,21.68873,21.72652,21.76514,21.79645,21.82499,21.858060000000002,21.89495,21.93371,21.97405,22.0266,Africa
